treatment,age,baseline,region,adjusted_mean
Placebo,53.633008403361366,100.10904641350194,West,82.513
DoseLow,53.633008403361366,100.10904641350194,West,85.173
DoseHigh,53.633008403361366,100.10904641350194,West,88.977
