treatment,age,baseline,site,adjusted_mean
B,52.21931666666667,99.74968907563027,North,88.26224198793783
C,52.21931666666667,99.74968907563027,North,92.40782585083205
A,52.21931666666667,99.74968907563027,North,84.50126264544473
